frame,x1,y1,x2,y2,confidence,class
0,1423,741,1494,911,0.8264,player
0,1359,436,1437,525,0.7146,player
0,1298,263,1335,315,0.5605,player
1,1426,675,1499,829,0.7765,player
1,1279,260,1332,328,0.3413,player
2,1369,663,1455,803,0.7055,player
2,1177,494,1236,563,0.571,player
2,1261,473,1325,574,0.4699,player
2,914,378,999,467,0.3839,player
3,927,363,1014,466,0.3548,player
3,167,249,215,346,0.3338,player
4,944,362,1026,437,0.5606,player
4,464,268,524,369,0.535,player
4,977,588,1077,702,0.2625,player
4,471,329,540,433,0.2602,player
5,1555,709,1640,840,0.9278,player
5,599,752,659,886,0.9259,player
5,1215,455,1279,549,0.9126,player
5,877,575,934,671,0.8988,player
5,815,554,863,645,0.8971,player
5,1650,440,1712,520,0.8966,player
5,1467,417,1515,502,0.8899,player
5,825,611,900,714,0.8887,player
5,1730,588,1766,693,0.8747,player
5,1551,482,1607,578,0.8711,player
5,1568,556,1625,659,0.8646,player
6,1550,711,1651,833,0.9321,player
6,833,617,899,719,0.9251,player
6,807,557,867,659,0.9221,player
6,602,751,668,879,0.9216,player
6,883,575,949,671,0.9197,player
6,1225,458,1273,551,0.9059,player
6,1736,589,1783,694,0.902,player
6,1644,444,1711,518,0.892,player
6,1569,551,1639,660,0.8802,player
6,1469,419,1527,504,0.8802,player
6,1551,484,1616,575,0.8688,player
6,1468,397,1504,464,0.3645,player
7,803,560,872,663,0.9265,player
7,1547,713,1614,831,0.9181,player
7,607,751,676,874,0.9172,player
7,1650,446,1712,525,0.9086,player
7,891,575,955,669,0.9061,player
7,1742,590,1796,695,0.906,player
7,838,615,893,724,0.9042,player
7,1235,462,1280,553,0.8958,player
7,1546,713,1645,832,0.8887,player
7,1571,555,1649,658,0.8768,player
7,1474,424,1532,507,0.874,player
7,1547,487,1595,581,0.8709,player
7,0,501,31,608,0.4062,player
7,1483,403,1522,447,0.2916,player
8,1748,591,1809,696,0.9243,player
8,613,752,676,877,0.9186,player
8,1540,718,1613,839,0.9153,player
8,808,565,876,666,0.9148,player
8,898,578,951,666,0.9066,player
8,1244,463,1295,558,0.9052,player
8,1568,568,1653,661,0.8929,player
8,839,616,892,725,0.8901,player
8,1662,450,1701,531,0.8822,player
8,1484,428,1530,513,0.8654,player
8,1552,490,1618,587,0.8422,player
8,0,505,41,610,0.6761,player
8,1497,402,1536,447,0.318,player
9,1536,721,1642,845,0.9215,player
9,817,570,878,670,0.9069,player
9,616,752,668,880,0.903,player
9,1664,452,1699,534,0.8992,player
9,1250,464,1307,559,0.8958,player
9,897,577,956,665,0.888,player
9,1578,566,1640,664,0.8873,player
9,1755,594,1823,700,0.8854,player
9,844,613,897,727,0.8779,player
9,1497,431,1531,515,0.866,player
9,1563,497,1601,588,0.8593,player
9,14,505,55,611,0.534,player
9,1521,406,1553,450,0.4112,player
10,1255,466,1317,559,0.9193,player
10,1661,452,1711,536,0.9119,player
10,1536,722,1631,847,0.9116,player
10,829,571,878,665,0.9005,player
10,1762,593,1830,704,0.9001,player
10,1498,432,1538,518,0.8985,player
10,623,752,667,882,0.8945,player
10,849,614,907,729,0.882,player
10,1586,569,1649,670,0.8764,player
10,920,578,959,670,0.8631,player
10,1565,498,1596,589,0.863,player
10,28,507,66,613,0.279,player
11,1499,433,1547,519,0.9268,player
11,1258,466,1328,560,0.9257,player
11,1536,719,1625,846,0.9158,player
11,1655,452,1719,532,0.915,player
11,1778,596,1834,704,0.9047,player
11,834,570,879,662,0.9024,player
11,628,749,672,878,0.8995,player
11,1561,496,1596,576,0.8948,player
11,852,610,916,721,0.8939,player
11,1592,566,1647,670,0.8854,player
11,933,574,966,672,0.8244,player
11,1554,408,1589,449,0.4701,player
11,916,573,965,670,0.3449,player
12,1534,717,1635,843,0.9292,player
12,632,745,686,878,0.9164,player
12,1266,469,1336,561,0.9101,player
12,853,609,926,717,0.9087,player
12,827,568,881,662,0.9082,player
12,1503,430,1552,518,0.9051,player
12,1649,453,1721,532,0.8992,player
12,937,571,981,671,0.8965,player
12,1788,597,1834,705,0.8921,player
12,1557,495,1610,585,0.8899,player
12,1596,567,1641,671,0.8819,player
13,1535,715,1642,841,0.9302,player
13,635,743,693,865,0.9196,player
13,1502,431,1554,517,0.912,player
13,1651,453,1716,535,0.9057,player
13,1268,471,1339,564,0.8946,player
13,1551,494,1622,587,0.8941,player
13,857,606,927,717,0.8922,player
13,825,568,894,661,0.8877,player
13,939,569,985,661,0.8821,player
13,1598,563,1652,673,0.8798,player
13,73,508,110,614,0.8216,player
13,1796,598,1841,706,0.7856,player
13,1587,409,1621,451,0.5046,player
14,1536,715,1642,835,0.9295,player
14,1504,433,1553,518,0.9149,player
14,637,741,694,863,0.9084,player
14,1598,555,1664,673,0.9051,player
14,859,605,917,720,0.8997,player
14,1545,493,1624,585,0.8977,player
14,948,566,987,660,0.8955,player
14,1268,472,1340,565,0.8941,player
14,830,568,893,665,0.8882,player
14,1805,595,1853,705,0.8833,player
14,1664,454,1697,537,0.8619,player
14,86,509,124,614,0.848,player
15,1534,715,1639,837,0.9345,player
15,1598,560,1672,665,0.9143,player
15,1270,473,1338,564,0.9121,player
15,637,739,690,866,0.9061,player
15,1663,454,1700,536,0.9041,player
15,837,568,894,665,0.8986,player
15,1511,434,1554,522,0.895,player
15,1555,494,1624,584,0.8896,player
15,956,565,998,660,0.8855,player
15,863,610,914,719,0.882,player
15,1811,595,1861,704,0.8472,player
16,1534,716,1629,837,0.9338,player
16,1597,561,1677,662,0.9125,player
16,642,737,690,864,0.9053,player
16,1278,473,1336,564,0.9029,player
16,1658,452,1713,537,0.9026,player
16,837,568,898,665,0.8978,player
16,1522,437,1557,524,0.8934,player
16,962,563,1008,661,0.8851,player
16,1812,593,1871,701,0.8767,player
16,870,615,910,719,0.865,player
16,1562,494,1615,590,0.8615,player
17,1534,715,1619,840,0.9387,player
17,1655,452,1717,532,0.9142,player
17,645,733,698,862,0.9141,player
17,1603,560,1661,664,0.9053,player
17,845,565,899,638,0.9048,player
17,1518,436,1561,526,0.9019,player
17,871,614,919,720,0.8883,player
17,1819,593,1879,699,0.8816,player
17,970,561,1023,658,0.8751,player
17,1566,494,1602,588,0.865,player
17,1308,492,1350,563,0.8487,player
17,1281,471,1336,545,0.7803,player
18,1537,712,1611,840,0.9316,player
18,650,729,707,860,0.9165,player
18,851,563,903,641,0.9118,player
18,1290,471,1361,563,0.9045,player
18,1647,452,1716,530,0.9001,player
18,1512,437,1569,523,0.9001,player
18,975,559,1028,654,0.9,player
18,872,610,927,718,0.8986,player
18,1567,491,1607,588,0.882,player
18,1610,562,1657,667,0.8765,player
18,1831,594,1885,699,0.8514,player
19,1541,709,1623,840,0.9379,player
19,653,728,715,850,0.9253,player
19,1295,470,1371,562,0.9168,player
19,857,561,907,645,0.9093,player
19,872,610,938,711,0.9045,player
19,981,558,1030,649,0.9025,player
19,1513,437,1575,524,0.9022,player
19,1651,451,1708,534,0.8991,player
19,1562,487,1613,579,0.8987,player
19,1616,564,1650,668,0.843,player
19,1845,594,1888,701,0.8096,player
20,1543,707,1634,834,0.9301,player
20,866,609,944,712,0.9204,player
20,655,722,720,843,0.9203,player
20,1299,471,1380,561,0.9193,player
20,1514,438,1573,525,0.9091,player
20,986,557,1039,653,0.908,player
20,1557,488,1620,577,0.9054,player
20,857,559,913,648,0.9014,player
20,1663,452,1693,535,0.863,player
20,1850,595,1889,702,0.8446,player
20,1617,562,1661,660,0.8076,player
20,178,509,215,613,0.3376,player
21,866,614,945,710,0.9328,player
21,1543,705,1640,827,0.926,player
21,1304,473,1382,565,0.9249,player
21,653,721,721,844,0.9185,player
21,1533,441,1576,524,0.9073,player
21,857,559,917,653,0.8938,player
21,1549,490,1617,581,0.893,player
21,1618,559,1671,670,0.8904,player
21,986,556,1038,650,0.8863,player
21,1662,453,1695,534,0.8721,player
21,1857,592,1899,700,0.8578,player
22,653,719,717,845,0.923,player
22,871,611,943,712,0.9219,player
22,1309,475,1378,564,0.9139,player
22,1536,705,1605,822,0.9134,player
22,1653,451,1707,536,0.9109,player
22,985,554,1050,648,0.9102,player
22,1617,559,1682,670,0.9043,player
22,1545,493,1616,584,0.8896,player
22,1545,444,1578,525,0.8758,player
22,865,558,922,656,0.8619,player
22,1860,590,1907,698,0.8344,player
23,657,717,717,842,0.9267,player
23,1615,558,1691,664,0.9222,player
23,1534,705,1627,824,0.9216,player
23,983,552,1058,647,0.9166,player
23,1644,452,1711,530,0.9106,player
23,1313,476,1378,564,0.9096,player
23,1546,445,1582,518,0.8965,player
23,879,557,927,643,0.8944,player
23,1548,494,1621,587,0.8847,player
23,875,612,935,712,0.8771,player
23,1863,588,1918,692,0.8448,player
23,216,508,255,612,0.3041,player
24,1608,557,1696,660,0.9249,player
24,1533,707,1623,830,0.9188,player
24,984,550,1063,642,0.915,player
24,1638,450,1709,530,0.9107,player
24,664,712,719,839,0.9102,player
24,1556,495,1613,588,0.8928,player
24,1545,444,1587,526,0.8788,player
24,886,555,931,641,0.8788,player
24,1866,587,1920,691,0.8703,player
24,1318,475,1361,560,0.8545,player
24,882,613,921,711,0.818,player
24,227,509,266,613,0.6871,player
25,986,548,1062,637,0.9226,player
25,672,710,726,836,0.9168,player
25,1608,558,1689,659,0.9099,player
25,1527,706,1590,829,0.899,player
25,1544,443,1588,527,0.8872,player
25,881,604,923,710,0.8866,player
25,1640,451,1699,532,0.885,player
25,1320,476,1370,564,0.8753,player
25,893,552,938,641,0.8533,player
25,1561,529,1588,588,0.8354,player
25,238,509,277,612,0.8256,player
25,1873,588,1920,694,0.8159,player
25,1564,493,1597,565,0.6336,player
25,1553,708,1612,808,0.5673,player
26,1526,705,1599,829,0.9226,player
26,676,706,732,825,0.9092,player
26,1325,475,1380,565,0.9059,player
26,990,547,1053,639,0.9041,player
26,1612,559,1686,663,0.8973,player
26,882,594,929,708,0.8955,player
26,1539,444,1587,521,0.8949,player
26,1646,451,1685,534,0.8867,player
26,1556,492,1597,588,0.8845,player
26,900,549,945,633,0.8801,player
26,1882,589,1920,694,0.8148,player
26,248,510,288,613,0.6984,player
27,1524,702,1592,829,0.9299,player
27,881,595,935,705,0.9224,player
27,675,705,731,823,0.9132,player
27,1640,452,1678,534,0.9076,player
27,1326,473,1387,564,0.9065,player
27,993,546,1057,639,0.8949,player
27,1541,445,1584,518,0.8855,player
27,1611,560,1676,663,0.8852,player
27,905,546,951,635,0.8806,player
27,1548,492,1601,586,0.8799,player
27,259,510,299,613,0.7712,player
27,1885,588,1920,693,0.7414,player
28,1521,700,1596,828,0.9432,player
28,1323,473,1393,559,0.9106,player
28,1630,451,1684,534,0.9092,player
28,677,704,727,825,0.907,player
28,879,591,939,700,0.9052,player
28,997,542,1057,637,0.899,player
28,909,544,959,636,0.8933,player
28,1536,492,1604,581,0.889,player
28,1605,560,1659,664,0.8872,player
28,1546,447,1583,509,0.8823,player
28,1891,587,1920,693,0.8116,player
28,270,510,310,614,0.2676,player
29,1522,698,1597,819,0.9405,player
29,1321,473,1397,560,0.9203,player
29,998,539,1063,634,0.9167,player
29,1608,558,1658,664,0.9128,player
29,678,701,725,824,0.9072,player
29,868,592,940,699,0.905,player
29,1620,450,1684,527,0.9045,player
29,911,543,966,633,0.9019,player
29,1535,492,1605,581,0.8783,player
29,1541,447,1581,512,0.8732,player
29,1895,585,1920,686,0.7898,player
29,281,509,321,613,0.7641,player
30,1509,699,1594,819,0.928,player
30,1611,449,1681,526,0.9182,player
30,1320,474,1400,561,0.918,player
30,1605,556,1664,666,0.917,player
30,679,697,726,823,0.9135,player
30,999,538,1063,628,0.9093,player
30,913,543,970,631,0.902,player
30,875,592,940,701,0.9009,player
30,1533,490,1598,583,0.8843,player
30,1538,447,1581,513,0.8832,player
30,1900,582,1920,686,0.5845,player
31,1501,698,1586,819,0.9262,player
31,999,535,1064,630,0.9155,player
31,1601,555,1669,662,0.915,player
31,1321,476,1397,564,0.9146,player
31,679,692,729,816,0.9126,player
31,913,542,974,636,0.9064,player
31,1533,492,1590,586,0.8962,player
31,1611,451,1663,531,0.8937,player
31,876,596,934,702,0.892,player
31,1542,446,1579,511,0.8483,player
31,1901,584,1920,685,0.828,player
32,1506,699,1573,819,0.9223,player
32,1596,555,1672,657,0.9221,player
32,680,689,733,807,0.9204,player
32,998,534,1061,631,0.9146,player
32,1320,478,1393,564,0.9102,player
32,916,540,977,635,0.9003,player
32,880,597,927,700,0.8882,player
32,1616,451,1647,531,0.8754,player
32,1537,490,1580,585,0.8636,player
32,1902,587,1920,686,0.8424,player
32,1533,447,1577,530,0.8087,player
32,1518,478,1565,533,0.3798,player
32,1520,454,1574,534,0.3098,player
33,682,687,738,801,0.9213,player
33,1498,699,1557,821,0.9198,player
33,1589,554,1666,657,0.9194,player
33,1318,479,1388,564,0.9111,player
33,1610,452,1644,531,0.9072,player
33,999,532,1057,633,0.907,player
33,920,539,975,636,0.9059,player
33,879,595,923,701,0.8889,player
33,1535,489,1576,583,0.8156,player
33,1540,447,1575,514,0.7801,player
33,1905,589,1920,686,0.6254,player
34,924,538,977,633,0.9242,player
34,1497,696,1549,821,0.9235,player
34,683,686,734,803,0.9086,player
34,1601,453,1648,532,0.901,player
34,997,530,1054,632,0.8995,player
34,1592,558,1645,661,0.8868,player
34,880,592,924,700,0.8845,player
34,1315,479,1380,563,0.8732,player
34,1531,502,1573,586,0.8183,player
34,1544,450,1573,524,0.7156,player
34,1518,395,1555,463,0.6268,player
34,1526,489,1568,542,0.5541,player
34,1315,479,1373,530,0.5007,player
35,1492,694,1556,820,0.9251,player
35,1591,451,1650,527,0.9242,player
35,685,685,733,805,0.9111,player
35,999,529,1059,623,0.9093,player
35,925,538,981,629,0.9071,player
35,883,590,929,698,0.8999,player
35,1315,479,1373,566,0.8982,player
35,1521,488,1574,582,0.8885,player
35,1594,559,1642,662,0.8572,player
35,1543,452,1573,512,0.7324,player
35,345,510,382,609,0.4475,player
35,1519,396,1556,464,0.3938,player
36,998,528,1064,619,0.9227,player
36,1486,691,1562,816,0.92,player
36,1315,479,1382,566,0.9116,player
36,929,540,987,630,0.9113,player
36,881,588,935,698,0.9061,player
36,686,684,735,806,0.9056,player
36,1513,492,1574,580,0.8939,player
36,1578,452,1649,526,0.8867,player
36,1597,595,1631,663,0.7939,player
36,1542,450,1575,514,0.7527,player
36,1598,561,1631,638,0.735,player
36,357,511,395,612,0.2988,player
37,1474,691,1567,809,0.9363,player
37,878,589,942,694,0.9176,player
37,1319,480,1388,566,0.9168,player
37,1004,528,1065,618,0.912,player
37,1512,491,1570,582,0.9041,player
37,937,543,993,630,0.9002,player
37,1593,561,1636,664,0.8968,player
37,688,682,737,791,0.8848,player
37,367,512,405,615,0.7226,player
37,1538,449,1574,526,0.6555,player
37,1521,450,1574,525,0.5303,player
37,1575,453,1641,529,0.501,player
38,1464,691,1567,808,0.9331,player
38,877,589,946,694,0.9295,player
38,1321,480,1394,564,0.9152,player
38,1006,528,1068,621,0.9126,player
38,1588,559,1645,667,0.9097,player
38,946,544,998,632,0.9042,player
38,691,679,740,801,0.8903,player
38,1517,493,1564,584,0.8788,player
38,1584,454,1625,532,0.7911,player
38,1537,453,1575,534,0.6782,player
38,379,515,416,613,0.6287,player
39,880,591,947,694,0.9276,player
39,1464,691,1540,810,0.9165,player
39,1327,482,1396,565,0.9162,player
39,697,678,748,792,0.9106,player
39,1585,559,1652,666,0.9102,player
39,957,544,1006,631,0.892,player
39,1012,529,1073,622,0.8685,player
39,1584,455,1614,533,0.8624,player
39,390,517,427,615,0.8072,player
39,1521,493,1564,584,0.8019,player
39,1535,458,1577,535,0.7102,player
40,883,592,948,696,0.9253,player
40,1333,483,1398,568,0.9205,player
40,1577,559,1657,661,0.9193,player
40,1020,527,1079,622,0.9186,player
40,697,677,752,788,0.9178,player
40,1464,694,1532,812,0.9133,player
40,968,543,1013,630,0.9092,player
40,1576,453,1617,534,0.8748,player
40,1517,494,1561,584,0.8524,player
40,1544,457,1573,535,0.7061,player
40,1544,397,1574,470,0.2502,player
41,885,592,947,695,0.9231,player
41,1460,694,1541,813,0.9199,player
41,1336,485,1393,567,0.9116,player
41,700,676,752,788,0.911,player
41,1023,527,1082,620,0.9081,player
41,1577,560,1658,659,0.9063,player
41,978,543,1022,629,0.9053,player
41,1510,492,1569,584,0.9041,player
41,1572,451,1620,532,0.8594,player
41,1543,458,1575,535,0.6569,player
41,1541,398,1580,470,0.4655,player
41,412,521,451,616,0.4043,player
42,889,591,942,696,0.9133,player
42,1459,693,1527,814,0.9132,player
42,1579,562,1646,661,0.9086,player
42,704,677,755,790,0.9039,player
42,1028,526,1085,618,0.8978,player
42,1506,492,1573,583,0.8945,player
42,989,542,1030,631,0.8904,player
42,1344,487,1393,567,0.8284,player
42,1341,485,1387,557,0.8138,player
42,1538,465,1583,549,0.7216,player
42,1573,455,1619,521,0.4338,player
42,55,367,81,421,0.2616,player
42,1571,458,1609,527,0.2547,player
43,1463,690,1521,813,0.9278,player
43,711,674,759,789,0.9234,player
43,896,590,939,696,0.915,player
43,1581,563,1644,665,0.9126,player
43,1504,493,1575,576,0.9101,player
43,1345,487,1402,569,0.8936,player
43,998,543,1041,629,0.8878,player
43,1028,526,1091,611,0.8855,player
43,1545,476,1594,550,0.8353,player
43,1535,464,1582,550,0.7245,player
43,1566,454,1597,521,0.4806,player
43,1567,447,1603,515,0.3767,player
44,1466,689,1527,815,0.922,player
44,899,589,945,697,0.9157,player
44,716,670,764,788,0.9131,player
44,1346,486,1409,571,0.9114,player
44,1578,565,1632,666,0.8859,player
44,1510,493,1572,578,0.8853,player
44,1009,541,1050,628,0.8805,player
44,1040,527,1094,593,0.8688,player
44,1554,474,1602,550,0.7546,player
44,1537,466,1580,545,0.7438,player
44,1565,447,1595,525,0.6471,player
44,1536,471,1599,550,0.5879,player
44,1564,404,1594,482,0.3621,player
44,1566,445,1604,515,0.303,player
45,903,589,953,698,0.9162,player
45,1347,485,1417,569,0.9147,player
45,1466,688,1529,809,0.9131,player
45,720,667,768,784,0.9029,player
45,1577,564,1628,666,0.8912,player
45,1518,491,1565,584,0.8884,player
45,1018,539,1060,629,0.8696,player
45,1044,526,1088,593,0.8289,player
45,1539,468,1598,543,0.7821,player
45,1552,460,1599,540,0.6047,player
45,453,527,495,617,0.3642,player
45,58,602,83,650,0.2805,player
46,1345,487,1421,570,0.9193,player
46,1453,689,1531,808,0.9183,player
46,1579,562,1636,669,0.9147,player
46,905,590,957,696,0.9142,player
46,724,665,770,776,0.9037,player
46,1027,537,1076,629,0.8775,player
46,1513,492,1558,586,0.8144,player
46,1549,457,1595,538,0.7895,player
46,1047,525,1088,602,0.7791,player
46,1542,466,1584,537,0.7767,player
46,1529,490,1563,573,0.2851,player
46,1562,459,1602,533,0.2564,player
47,1580,562,1642,671,0.9266,player
47,1448,690,1531,808,0.9263,player
47,908,592,959,693,0.9204,player
47,1346,489,1424,574,0.9153,player
47,728,665,773,776,0.9113,player
47,1545,459,1598,545,0.8843,player
47,1509,495,1562,586,0.8734,player
47,1035,534,1087,630,0.8693,player
48,1448,692,1524,812,0.9301,player
48,1576,561,1646,665,0.9137,player
48,911,595,960,694,0.9095,player
48,1513,494,1566,587,0.8962,player
48,730,665,774,778,0.8925,player
48,1544,458,1600,551,0.881,player
48,1351,497,1420,575,0.8778,player
48,1042,540,1097,631,0.8669,player
48,1346,491,1414,548,0.7691,player
48,1037,533,1090,620,0.7556,player
48,484,530,527,621,0.5815,player
49,1448,695,1514,813,0.9286,player
49,1570,562,1647,665,0.92,player
49,735,666,779,780,0.9037,player
49,913,598,961,694,0.9022,player
49,1051,542,1106,633,0.8974,player
49,1544,462,1592,536,0.8905,player
49,1512,495,1570,584,0.8894,player
49,1354,501,1412,576,0.8277,player
49,1345,492,1404,553,0.7588,player
49,1039,539,1083,616,0.7473,player
49,104,602,130,654,0.3203,player
50,1448,695,1505,814,0.9201,player
50,739,665,779,778,0.909,player
50,1572,566,1644,668,0.9068,player
50,914,600,962,697,0.9066,player
50,1059,546,1116,635,0.8929,player
50,1511,497,1570,581,0.8882,player
50,1542,464,1579,533,0.8473,player
50,1046,537,1107,624,0.8203,player
50,1369,505,1402,578,0.8071,player
50,1345,494,1394,549,0.7896,player
50,1345,496,1399,572,0.6731,player
50,505,533,547,622,0.3276,player
51,1449,693,1500,816,0.9191,player
51,1069,548,1125,635,0.9098,player
51,917,600,964,697,0.9029,player
51,1516,500,1569,581,0.8957,player
51,745,664,786,779,0.8917,player
51,1575,570,1632,671,0.8912,player
51,1371,509,1404,580,0.884,player
51,1347,497,1389,548,0.8719,player
51,1053,541,1094,615,0.8299,player
51,1543,466,1580,532,0.8252,player
51,515,534,558,624,0.432,player
51,1056,543,1113,628,0.3829,player
52,1448,692,1506,818,0.9287,player
52,915,599,972,697,0.9184,player
52,748,664,794,770,0.9103,player
52,1080,548,1135,636,0.8891,player
52,1364,510,1413,581,0.8802,player
52,1582,574,1624,672,0.8744,player
52,1520,502,1553,582,0.8705,player
52,1348,499,1390,547,0.86,player
52,1059,539,1103,615,0.842,player
52,1541,470,1574,554,0.8378,player
52,526,534,568,626,0.6175,player
53,1445,692,1511,815,0.9196,player
53,913,598,980,699,0.9181,player
53,752,663,796,766,0.912,player
53,1088,550,1145,636,0.8866,player
53,1581,574,1618,675,0.8769,player
53,1362,510,1421,582,0.8732,player
53,1519,502,1550,585,0.8561,player
53,1538,468,1577,555,0.8484,player
53,1352,500,1398,550,0.8351,player
53,1064,541,1108,621,0.8329,player
53,536,536,578,625,0.5665,player
53,1352,501,1415,560,0.3348,player
54,1434,693,1518,812,0.9316,player
54,907,598,988,699,0.9212,player
54,754,663,798,770,0.9129,player
54,1359,503,1424,584,0.9098,player
54,1576,568,1622,675,0.904,player
54,1514,502,1551,586,0.9008,player
54,1096,548,1149,637,0.8941,player
54,1535,467,1581,552,0.8351,player
54,1072,543,1109,615,0.8286,player
55,1425,694,1521,808,0.9318,player
55,904,598,990,700,0.9298,player
55,753,663,805,769,0.9216,player
55,1571,566,1629,678,0.9056,player
55,1103,547,1154,637,0.8963,player
55,1510,502,1555,589,0.8902,player
55,1071,547,1114,616,0.866,player
55,1365,507,1421,584,0.8587,player
55,1536,494,1579,574,0.7638,player
55,1534,467,1555,519,0.7459,player
55,1362,504,1419,563,0.4451,player
56,1425,695,1517,810,0.9394,player
56,1567,568,1635,673,0.9249,player
56,907,599,988,701,0.9246,player
56,752,662,812,769,0.924,player
56,1366,505,1414,585,0.9191,player
56,1501,501,1561,588,0.903,player
56,1108,547,1157,638,0.8936,player
56,1071,546,1120,616,0.8813,player
56,1528,467,1550,514,0.7825,player
56,1536,493,1575,573,0.6909,player
56,563,537,608,627,0.5937,player
56,176,615,201,665,0.2787,player
57,1425,696,1508,813,0.9335,player
57,1556,570,1641,670,0.9274,player
57,911,599,985,702,0.9238,player
57,751,659,814,767,0.9138,player
57,1367,505,1409,584,0.909,player
57,1116,547,1157,637,0.8945,player
57,1492,501,1565,589,0.8936,player
57,1076,546,1124,618,0.8727,player
57,1521,468,1548,516,0.6779,player
57,1517,495,1572,583,0.6348,player
57,574,537,616,630,0.617,player
58,1554,570,1636,669,0.9314,player
58,1423,698,1497,815,0.9287,player
58,1367,505,1416,585,0.9247,player
58,914,599,975,702,0.9201,player
58,751,658,814,760,0.9109,player
58,1122,549,1163,637,0.8929,player
58,1485,505,1560,587,0.8901,player
58,1082,546,1130,618,0.8884,player
58,581,538,624,632,0.8511,player
58,1516,470,1545,518,0.8271,player
58,1530,495,1575,580,0.7253,player
59,1368,504,1421,586,0.9288,player
59,1555,572,1628,672,0.922,player
59,913,598,965,701,0.9102,player
59,1423,698,1483,817,0.908,player
59,752,657,809,756,0.9012,player
59,1128,550,1168,640,0.8869,player
59,1484,506,1554,589,0.8868,player
59,1089,546,1138,621,0.8701,player
59,1534,494,1567,570,0.8373,player
59,1504,469,1542,521,0.8291,player
59,588,540,632,632,0.2691,player
60,1367,504,1425,587,0.9277,player
60,1424,695,1472,816,0.9161,player
60,913,599,957,702,0.9069,player
60,1131,551,1174,640,0.9036,player
60,1560,573,1623,676,0.9012,player
60,751,656,800,758,0.889,player
60,1098,547,1140,618,0.8878,player
60,1490,505,1544,589,0.8492,player
60,1499,468,1540,528,0.8225,player
60,597,543,639,634,0.6173,player
60,1533,493,1571,571,0.608,player
61,1420,693,1476,816,0.9292,player
61,1368,503,1427,588,0.9281,player
61,1130,554,1181,641,0.9102,player
61,915,599,958,701,0.9092,player
61,751,657,795,759,0.8962,player
61,1105,545,1148,617,0.8959,player
61,1563,575,1609,677,0.8882,player
61,603,545,646,634,0.8712,player
61,1492,468,1537,525,0.8544,player
61,1494,503,1530,593,0.804,player
61,1523,495,1568,574,0.7368,player
62,1413,692,1476,815,0.935,player
62,1129,556,1187,641,0.9178,player
62,1368,503,1424,589,0.917,player
62,915,600,956,702,0.9106,player
62,750,654,793,756,0.9013,player
62,1557,573,1597,676,0.8742,player
62,609,545,653,634,0.861,player
62,1112,543,1154,618,0.8591,player
62,1488,468,1529,527,0.8502,player
62,1492,502,1527,592,0.8249,player
62,1521,497,1569,566,0.6938,player
63,1397,692,1473,814,0.9356,player
63,749,648,798,757,0.9218,player
63,1541,573,1598,677,0.9157,player
63,914,601,957,702,0.9098,player
63,1364,504,1418,587,0.8935,player
63,1132,556,1197,641,0.8838,player
63,617,545,660,633,0.8687,player
63,1482,470,1523,523,0.8556,player
63,1121,541,1166,626,0.8545,player
63,1490,504,1526,594,0.7801,player
63,1519,499,1571,556,0.7203,player
63,28,402,54,476,0.4832,player
63,1495,501,1558,572,0.3897,player
64,1539,572,1603,676,0.9345,player
64,748,646,803,752,0.928,player
64,1389,694,1469,813,0.9276,player
64,903,606,953,702,0.9122,player
64,1134,554,1204,643,0.8927,player
64,624,547,665,634,0.8582,player
64,1369,510,1414,588,0.8513,player
64,1130,540,1167,621,0.8301,player
64,1518,502,1563,560,0.8268,player
64,1480,475,1518,542,0.8114,player
64,1483,504,1528,593,0.8063,player
64,1351,505,1404,551,0.7628,player
64,1351,505,1412,579,0.6938,player
65,1389,697,1458,814,0.9335,player
65,745,644,803,751,0.9233,player
65,894,607,953,703,0.9176,player
65,1540,571,1603,674,0.9158,player
65,1137,551,1210,643,0.9,player
65,1355,511,1422,589,0.8808,player
65,630,546,673,636,0.8751,player
65,1482,474,1508,529,0.8066,player
65,1467,506,1531,593,0.7938,player
65,1515,502,1560,581,0.6833,player
65,1137,541,1180,632,0.4912,player
65,1375,512,1422,589,0.4719,player
66,1391,696,1447,816,0.9349,player
66,886,606,959,703,0.9186,player
66,742,643,799,750,0.9171,player
66,1537,571,1599,668,0.8913,player
66,1143,549,1211,641,0.8909,player
66,1376,515,1430,589,0.8893,player
66,1476,471,1503,529,0.8642,player
66,1510,504,1552,577,0.7809,player
66,1462,509,1530,594,0.7641,player
66,637,547,682,637,0.6016,player
66,1341,511,1423,572,0.5592,player
66,1340,509,1397,555,0.5456,player
67,880,606,966,703,0.9303,player
67,1389,696,1439,816,0.9223,player
67,739,643,792,749,0.9075,player
67,1147,544,1211,642,0.9037,player
67,1535,573,1590,670,0.8941,player
67,1468,470,1499,538,0.889,player
67,1369,518,1440,587,0.8676,player
67,645,547,688,636,0.8619,player
67,1458,509,1526,594,0.8473,player
67,1340,512,1395,563,0.7362,player
67,1341,513,1438,577,0.4939,player
67,1497,506,1545,592,0.4373,player
68,889,605,967,705,0.9275,player
68,1150,542,1208,642,0.9168,player
68,1386,695,1435,816,0.9133,player
68,736,642,788,751,0.9077,player
68,1453,509,1523,597,0.8779,player
68,653,546,696,636,0.8716,player
68,1362,521,1446,589,0.8632,player
68,1463,470,1496,535,0.8569,player
68,1534,600,1580,674,0.7909,player
68,1511,503,1559,582,0.7614,player
68,1534,576,1580,669,0.7536,player
68,1342,515,1393,579,0.7395,player
69,1382,698,1436,816,0.9246,player
69,894,604,958,706,0.9163,player
69,733,640,790,748,0.9128,player
69,1461,515,1520,597,0.9108,player
69,1154,543,1206,641,0.8828,player
69,1538,577,1579,676,0.8819,player
69,1356,524,1451,592,0.8694,player
69,1453,469,1493,547,0.8582,player
69,1519,500,1565,575,0.8196,player
69,1343,518,1394,589,0.7519,player
69,1174,541,1211,639,0.7421,player
69,661,547,705,637,0.5405,player
69,1182,538,1214,624,0.4784,player
69,1345,519,1413,588,0.4061,player
70,1376,691,1440,817,0.9337,player
70,897,603,947,705,0.9211,player
70,733,639,791,746,0.9163,player
70,1462,515,1518,597,0.9111,player
70,1534,576,1568,676,0.9092,player
70,1527,497,1569,568,0.9067,player
70,1451,472,1489,544,0.8793,player
70,1159,541,1207,644,0.8761,player
70,1351,522,1451,593,0.8368,player
70,669,548,711,636,0.7939,player
70,1191,540,1217,629,0.7782,player
70,1348,520,1395,584,0.6936,player
70,1183,537,1220,627,0.2622,player
71,1363,690,1443,814,0.9287,player
71,732,639,787,741,0.927,player
71,897,603,943,704,0.9109,player
71,1528,574,1569,679,0.8953,player
71,1164,539,1206,639,0.8839,player
71,1450,476,1486,550,0.8664,player
71,678,553,720,638,0.8607,player
71,1537,495,1573,569,0.8545,player
71,1374,527,1447,593,0.8405,player
71,1468,522,1513,596,0.8063,player
71,1195,537,1225,628,0.7681,player
71,1353,521,1414,579,0.7086,player
71,1353,521,1393,576,0.6384,player
71,1446,482,1491,559,0.338,player
72,1355,690,1444,811,0.932,player
72,731,639,780,740,0.9314,player
72,1524,572,1572,677,0.9086,player
72,1542,494,1591,578,0.8992,player
72,896,604,943,703,0.8888,player
72,1453,477,1484,551,0.8727,player
72,1170,538,1210,642,0.8664,player
72,1389,530,1441,592,0.8622,player
72,684,556,727,638,0.8293,player
72,1472,536,1508,597,0.8126,player
72,1199,540,1232,636,0.8054,player
72,1362,521,1404,567,0.7917,player
72,1473,511,1506,589,0.7141,player
73,1353,691,1444,810,0.9377,player
73,1520,572,1579,677,0.9162,player
73,730,639,770,743,0.9151,player
73,895,604,944,703,0.9065,player
73,1546,492,1599,573,0.8877,player
73,1176,539,1211,641,0.8764,player
73,1204,534,1239,631,0.8637,player
73,693,562,735,639,0.8567,player
73,1446,476,1479,552,0.8544,player
73,1475,510,1507,596,0.8532,player
73,1367,523,1435,593,0.8118,player
74,1352,694,1438,812,0.9403,player
74,729,638,768,743,0.9228,player
74,1513,572,1576,667,0.9108,player
74,1368,519,1427,592,0.9072,player
74,887,606,944,704,0.9024,player
74,1441,472,1479,552,0.8986,player
74,1473,508,1509,594,0.8925,player
74,1209,532,1246,632,0.8726,player
74,1179,539,1217,641,0.8651,player
74,1547,492,1613,562,0.8577,player
74,702,562,743,637,0.8482,player
75,727,638,776,739,0.9177,player
75,1359,694,1432,812,0.9115,player
75,879,608,944,705,0.9112,player
75,1511,573,1578,669,0.9103,player
75,1369,516,1432,591,0.9082,player
75,1472,505,1514,595,0.9037,player
75,1440,474,1479,554,0.8934,player
75,1217,532,1255,637,0.8752,player
75,1180,542,1220,641,0.8638,player
75,709,565,751,640,0.8032,player
75,1551,491,1607,554,0.7514,player
75,1552,492,1624,559,0.4263,player
76,875,610,945,705,0.9286,player
76,1360,694,1423,811,0.9227,player
76,1510,574,1571,670,0.9222,player
76,1468,504,1519,593,0.9083,player
76,1373,514,1439,592,0.9047,player
76,1179,543,1227,642,0.9011,player
76,721,635,782,739,0.9006,player
76,1229,533,1263,633,0.8849,player
76,1437,472,1481,553,0.8753,player
76,1556,492,1611,570,0.8602,player
76,720,564,761,643,0.758,player
77,874,610,949,705,0.9294,player
77,1183,543,1236,642,0.9139,player
77,1378,510,1447,589,0.9103,player
77,1367,692,1419,812,0.9063,player
77,1513,576,1569,672,0.9052,player
77,724,637,780,733,0.9025,player
77,1240,535,1273,635,0.8922,player
77,1469,505,1526,592,0.8871,player
77,1434,471,1481,551,0.8596,player
77,1561,495,1616,586,0.8267,player
77,731,564,773,650,0.8229,player
77,5,422,35,498,0.4882,player
78,876,608,963,704,0.9358,player
78,1472,506,1533,593,0.9205,player
78,729,631,776,732,0.9137,player
78,1190,543,1246,642,0.9111,player
78,1570,497,1625,595,0.9039,player
78,1383,511,1457,587,0.902,player
78,1375,690,1421,812,0.9007,player
78,1521,575,1572,672,0.8909,player
78,1252,535,1285,635,0.8783,player
78,1437,473,1479,538,0.8572,player
78,745,563,784,641,0.7636,player
79,887,607,972,704,0.9288,player
79,1380,687,1427,812,0.9166,player
79,735,627,774,731,0.9115,player
79,1203,541,1260,642,0.9102,player
79,1480,507,1534,597,0.9047,player
79,1392,510,1468,589,0.9034,player
79,1263,534,1299,636,0.8966,player
79,1516,575,1572,673,0.8742,player
79,1442,475,1485,541,0.8422,player
79,1581,501,1627,580,0.8059,player
79,754,564,795,641,0.5816,player
79,362,616,397,673,0.2871,player
80,1378,686,1433,809,0.9268,player
80,897,605,978,705,0.9235,player
80,1217,541,1273,643,0.9177,player
80,740,625,782,731,0.9112,player
80,1521,573,1570,673,0.8944,player
80,1280,536,1314,636,0.8933,player
80,1492,509,1539,597,0.8899,player
80,1401,510,1474,590,0.8871,player
80,1593,501,1641,597,0.866,player
80,1451,477,1489,549,0.8267,player
80,770,562,813,641,0.5424,player
81,1377,688,1440,809,0.9225,player
81,1233,538,1284,641,0.9165,player
81,746,624,789,729,0.9072,player
81,1413,511,1480,591,0.9057,player
81,912,605,977,705,0.9039,player
81,1295,537,1330,638,0.9012,player
81,1534,571,1585,673,0.892,player
81,1605,502,1658,598,0.8889,player
81,1508,511,1546,597,0.885,player
81,1461,478,1491,542,0.8808,player
82,1385,688,1449,810,0.9169,player
82,1544,572,1598,676,0.913,player
82,1426,508,1484,591,0.9068,player
82,754,624,801,724,0.9027,player
82,1249,537,1297,642,0.9015,player
82,920,604,976,703,0.8993,player
82,1313,537,1346,639,0.8786,player
82,1616,502,1666,597,0.8735,player
82,1521,509,1548,595,0.8627,player
82,1464,477,1494,554,0.8596,player
83,1396,691,1456,810,0.9182,player
83,1538,571,1613,675,0.9138,player
83,1264,536,1306,641,0.9122,player
83,761,624,808,722,0.9,player
83,929,603,987,703,0.8952,player
83,1437,504,1487,590,0.895,player
83,1330,540,1364,640,0.8843,player
83,1530,508,1558,590,0.8769,player
83,1470,477,1509,553,0.864,player
83,1629,502,1683,591,0.8354,player
83,814,563,868,643,0.3397,player
84,1547,570,1622,673,0.9183,player
84,767,623,813,721,0.9071,player
84,1644,503,1694,596,0.9046,player
84,1409,691,1462,810,0.8982,player
84,1278,535,1315,642,0.8946,player
84,1451,501,1495,591,0.8822,player
84,937,603,991,704,0.8822,player
84,1349,540,1381,641,0.8782,player
84,1539,505,1572,595,0.8776,player
84,825,563,888,643,0.8565,player
84,1481,477,1521,553,0.8393,player
85,1420,690,1472,811,0.9113,player
85,775,621,817,715,0.907,player
85,1658,505,1710,598,0.9063,player
85,1367,542,1401,642,0.898,player
85,1558,570,1630,677,0.8962,player
85,945,605,992,706,0.8959,player
85,1545,508,1586,596,0.8896,player
85,1291,535,1324,642,0.8885,player
85,840,563,907,644,0.8769,player
85,1467,504,1511,593,0.8491,player
85,1491,476,1516,542,0.8406,player
86,1670,508,1727,598,0.9114,player
86,1553,506,1600,597,0.9105,player
86,1430,690,1480,811,0.91,player
86,782,620,830,714,0.9049,player
86,1573,567,1635,679,0.9019,player
86,955,607,999,706,0.8911,player
86,1480,499,1527,593,0.8855,player
86,1388,541,1420,642,0.8848,player
86,849,564,925,645,0.8795,player
86,1305,536,1334,640,0.8674,player
86,1502,478,1527,533,0.8234,player
87,1435,689,1492,812,0.9195,player
87,957,607,1010,707,0.9076,player
87,1562,508,1621,598,0.9049,player
87,1684,512,1744,600,0.8991,player
87,1319,535,1351,644,0.8945,player
87,1406,543,1440,643,0.8898,player
87,797,619,844,715,0.8838,player
87,868,562,942,645,0.8822,player
87,1491,508,1545,593,0.8739,player
87,1512,481,1539,540,0.8608,player
87,1593,570,1639,680,0.8512,player
87,1490,495,1535,575,0.2858,player
88,1439,689,1505,812,0.9315,player
88,1328,541,1370,644,0.9169,player
88,1699,514,1757,601,0.914,player
88,965,608,1019,708,0.9123,player
88,806,624,859,713,0.8974,player
88,1427,544,1461,644,0.8915,player
88,1502,521,1562,594,0.8629,player
88,1603,577,1640,680,0.844,player
88,878,563,958,646,0.824,player
88,1578,510,1632,599,0.823,player
88,1518,481,1558,546,0.8094,player
89,1448,690,1518,811,0.9322,player
89,1336,544,1388,646,0.9195,player
89,1714,516,1768,605,0.9122,player
89,892,564,970,648,0.9092,player
89,979,608,1030,707,0.9045,player
89,813,624,864,710,0.8984,player
89,1446,544,1480,644,0.8899,player
89,1514,487,1578,597,0.8773,player
89,1611,580,1652,681,0.875,player
89,1595,513,1642,602,0.8559,player
90,1462,693,1529,813,0.9279,player
90,1727,516,1784,608,0.9234,player
90,993,608,1039,704,0.9215,player
90,1346,548,1406,648,0.9169,player
90,1619,577,1671,686,0.8922,player
90,1465,546,1500,646,0.886,player
90,1526,500,1590,598,0.8738,player
90,1614,515,1653,599,0.8591,player
90,834,629,874,712,0.8369,player
90,910,563,977,649,0.8316,player
90,820,627,868,708,0.815,player
90,1529,480,1574,554,0.6758,player
91,1479,695,1536,814,0.9185,player
91,1363,549,1423,650,0.9176,player
91,1744,516,1801,610,0.9124,player
91,1625,576,1684,686,0.9046,player
91,1483,550,1520,649,0.9008,player
91,1008,608,1047,704,0.8985,player
91,839,631,888,713,0.8678,player
91,1627,515,1663,595,0.867,player
91,1547,511,1602,599,0.8507,player
91,922,568,981,651,0.8488,player
91,1538,480,1579,561,0.8351,player
91,825,631,877,712,0.6109,player
91,1542,480,1589,566,0.4799,player
92,1496,697,1543,816,0.923,player
92,1379,549,1433,653,0.9142,player
92,1759,515,1813,611,0.9133,player
92,1021,605,1055,705,0.9128,player
92,1621,579,1695,685,0.9057,player
92,1502,551,1538,651,0.8885,player
92,1545,480,1582,562,0.8845,player
92,1642,515,1677,588,0.8769,player
92,834,632,902,716,0.8442,player
92,1563,504,1607,600,0.8265,player
92,930,571,985,653,0.8205,player
93,1773,515,1822,614,0.9185,player
93,1506,698,1552,818,0.9153,player
93,1031,604,1063,708,0.909,player
93,1629,582,1705,684,0.9053,player
93,1394,549,1444,652,0.9004,player
93,1551,484,1589,564,0.8859,player
93,1518,551,1556,653,0.884,player
93,1655,515,1689,590,0.8762,player
93,824,635,889,715,0.8431,player
93,940,575,991,657,0.8381,player
93,1579,540,1614,602,0.7937,player
93,832,634,914,717,0.7672,player
93,1578,507,1613,602,0.6455,player
93,854,632,913,716,0.4853,player
93,606,626,636,678,0.3937,player
94,1784,514,1827,616,0.9266,player
94,1517,699,1562,821,0.9089,player
94,1408,548,1451,654,0.9061,player
94,830,640,919,716,0.9055,player
94,1636,592,1711,690,0.9027,player
94,1039,604,1070,707,0.8968,player
94,1534,555,1571,656,0.8954,player
94,1665,515,1703,606,0.8615,player
94,1584,500,1620,603,0.8612,player
94,1556,486,1598,565,0.8474,player
94,945,578,1002,659,0.8347,player
95,833,644,923,719,0.9239,player
95,1795,514,1835,617,0.9233,player
95,1644,595,1713,695,0.9153,player
95,1525,700,1572,824,0.9141,player
95,1045,604,1078,705,0.8998,player
95,1674,516,1712,615,0.8964,player
95,1419,548,1454,655,0.8879,player
95,1550,559,1585,658,0.878,player
95,1595,501,1627,604,0.8706,player
95,935,585,1016,661,0.8664,player
95,1566,492,1603,565,0.8112,player
96,1806,514,1846,619,0.9151,player
96,1534,702,1579,825,0.913,player
96,1658,598,1712,697,0.9119,player
96,1046,606,1084,709,0.9055,player
96,1427,549,1459,657,0.8963,player
96,1678,518,1725,616,0.8931,player
96,837,651,925,718,0.8844,player
96,1602,502,1636,607,0.8775,player
96,1565,559,1599,662,0.8589,player
96,1579,494,1608,559,0.8535,player
96,971,588,1028,664,0.8456,player
96,934,585,987,657,0.6522,player
97,1532,704,1588,828,0.9175,player
97,1816,516,1856,621,0.9061,player
97,1434,551,1466,660,0.9037,player
97,1054,608,1089,711,0.897,player
97,1685,522,1735,618,0.896,player
97,1607,505,1645,609,0.8939,player
97,839,658,896,716,0.8864,player
97,1672,596,1707,700,0.8815,player
97,1581,560,1615,667,0.8779,player
97,1580,496,1611,560,0.8607,player
97,960,591,1038,665,0.8227,player
97,659,631,686,687,0.2985,player
98,1695,529,1740,619,0.9185,player
98,1535,706,1594,833,0.9133,player
98,1824,518,1862,625,0.9096,player
98,1440,553,1474,664,0.9036,player
98,1615,509,1652,610,0.8984,player
98,1583,497,1616,563,0.8884,player
98,1678,598,1708,704,0.878,player
98,838,663,901,720,0.8745,player
98,1060,612,1093,714,0.8717,player
98,1593,563,1629,670,0.8687,player
98,960,597,1040,666,0.8034,player
98,672,632,697,689,0.3948,player
99,1541,710,1598,835,0.9148,player
99,1444,557,1481,668,0.9055,player
99,1704,533,1744,622,0.8989,player
99,1607,571,1639,673,0.8972,player
99,1831,523,1872,628,0.8959,player
99,1623,512,1659,613,0.8927,player
99,1584,498,1622,577,0.8883,player
99,1679,601,1717,708,0.8882,player
99,1063,617,1099,718,0.8683,player
99,836,674,926,725,0.7996,player
100,1444,559,1488,672,0.9144,player
100,1832,528,1878,631,0.9092,player
100,1551,715,1603,838,0.9083,player
100,1677,601,1728,713,0.8935,player
100,1582,499,1628,584,0.8928,player
100,1628,518,1667,614,0.8854,player
100,1713,537,1746,628,0.8833,player
100,1062,619,1103,721,0.8691,player
100,1616,578,1650,676,0.8491,player
100,831,679,905,725,0.8255,player
100,678,641,713,695,0.4879,player
100,989,637,1021,683,0.3175,player
101,1450,567,1495,674,0.9155,player
101,1559,718,1607,841,0.9073,player
101,1673,602,1736,715,0.9037,player
101,1832,533,1882,637,0.8985,player
101,1582,501,1622,588,0.8911,player
101,1059,622,1107,722,0.8878,player
101,1716,537,1749,630,0.8829,player
101,1622,577,1672,680,0.873,player
101,1637,524,1673,603,0.8394,player
101,836,687,895,725,0.6728,player
101,956,619,1032,685,0.3968,player
102,1672,604,1742,716,0.9186,player
102,1063,626,1111,726,0.9161,player
102,1457,570,1503,677,0.9148,player
102,1562,719,1611,843,0.9046,player
102,1833,539,1886,640,0.9041,player
102,1723,540,1754,638,0.8841,player
102,1635,581,1683,683,0.8702,player
102,1590,505,1622,591,0.8652,player
102,1645,527,1679,604,0.859,player
102,705,651,730,699,0.444,player
102,836,692,893,729,0.4081,player
102,703,639,730,702,0.3881,player
102,971,629,1035,685,0.3838,player
102,0,480,20,555,0.2922,player
102,953,620,1035,685,0.2649,player
103,1833,545,1893,643,0.9195,player
103,1070,630,1114,727,0.9112,player
103,1464,575,1510,680,0.9076,player
103,1568,718,1615,845,0.9027,player
103,1673,612,1747,717,0.8955,player
103,1647,530,1684,614,0.8923,player
103,1728,539,1759,639,0.8854,player
103,1594,510,1622,597,0.8416,player
103,1646,584,1688,685,0.7656,player
103,712,653,736,701,0.7479,player
103,841,693,891,731,0.556,player
104,1834,548,1902,646,0.9293,player
104,1596,512,1627,598,0.9261,player
104,1473,577,1514,682,0.9109,player
104,1676,611,1751,720,0.9078,player
104,1077,629,1118,730,0.9002,player
104,1732,539,1769,639,0.8978,player
104,1572,718,1619,846,0.8976,player
104,1650,530,1687,615,0.8815,player
104,1651,585,1691,686,0.8028,player
104,846,694,893,732,0.6837,player
105,1839,550,1911,648,0.9188,player
105,1594,514,1628,600,0.9185,player
105,1575,718,1623,846,0.9058,player
105,1732,539,1779,643,0.9028,player
105,1476,578,1514,684,0.8985,player
105,1681,626,1750,726,0.8984,player
105,1658,531,1691,624,0.8793,player
105,1081,631,1119,730,0.8744,player
105,849,693,893,733,0.7729,player
105,1661,587,1705,687,0.7518,player
105,897,679,917,728,0.4024,player
106,1570,718,1625,849,0.936,player
106,1849,551,1914,649,0.9127,player
106,1589,517,1633,602,0.9074,player
106,1734,541,1786,646,0.9014,player
106,1480,579,1516,686,0.8958,player
106,1088,631,1122,732,0.8828,player
106,1664,530,1697,635,0.8755,player
106,853,692,894,734,0.8656,player
106,1689,645,1746,729,0.8628,player
106,896,678,919,732,0.7705,player
106,1681,603,1717,689,0.7369,player
106,1682,619,1734,699,0.2624,player
106,896,678,935,733,0.2519,player
107,1567,721,1628,850,0.935,player
107,1572,519,1635,604,0.9154,player
107,1736,544,1793,647,0.9151,player
107,1858,551,1915,650,0.8961,player
107,1483,579,1519,687,0.892,player
107,1668,530,1702,634,0.8831,player
107,1697,641,1742,731,0.8595,player
107,1091,630,1123,733,0.8383,player
107,1688,588,1720,661,0.7976,player
107,857,691,894,736,0.6896,player
107,894,685,918,735,0.4768,player
107,731,661,756,710,0.3033,player
108,1564,725,1629,854,0.9352,player
108,1740,545,1798,650,0.9205,player
108,1571,523,1635,607,0.9106,player
108,1488,580,1524,690,0.8963,player
108,1869,551,1916,652,0.8908,player
108,1668,531,1707,638,0.8892,player
108,1092,630,1128,736,0.8701,player
108,1699,636,1733,732,0.8545,player
108,1697,589,1728,658,0.8382,player
108,859,693,899,737,0.6455,player
109,1563,728,1631,858,0.9284,player
109,1751,551,1801,652,0.912,player
109,1492,580,1532,692,0.9042,player
109,1573,527,1626,613,0.9023,player
109,1671,532,1712,638,0.8963,player
109,1879,550,1916,653,0.8812,player
109,1094,631,1130,738,0.8642,player
109,1699,638,1735,735,0.8559,player
109,739,664,766,713,0.6958,player
109,1711,589,1732,641,0.6173,player
109,858,692,894,740,0.3761,player
110,1562,733,1638,861,0.9314,player
110,1096,629,1133,739,0.91,player
110,1672,534,1717,640,0.9099,player
110,1494,579,1539,693,0.9091,player
110,1757,562,1801,654,0.8885,player
110,1577,532,1615,614,0.8876,player
110,1697,665,1739,740,0.8839,player
110,1882,548,1919,655,0.8802,player
110,1696,634,1739,714,0.6398,player
111,1564,736,1644,863,0.9338,player
111,1492,579,1544,696,0.9208,player
111,1096,630,1136,742,0.918,player
111,1574,534,1612,617,0.9152,player
111,1688,635,1745,740,0.9107,player
111,1674,536,1723,641,0.8902,player
111,1885,547,1919,656,0.8792,player
111,1764,552,1801,656,0.8737,player
111,1724,598,1748,653,0.8076,player
111,853,695,892,742,0.3294,player
112,1569,534,1618,618,0.9334,player
112,1570,740,1652,865,0.93,player
112,1095,631,1138,743,0.9149,player
112,1494,583,1550,697,0.9124,player
112,1685,635,1751,740,0.9026,player
112,1678,537,1729,646,0.8979,player
112,1886,545,1920,656,0.8763,player
112,1773,553,1802,628,0.869,player
112,1773,589,1802,656,0.8276,player
112,1733,599,1758,683,0.8246,player
113,1554,533,1619,619,0.9303,player
113,1576,740,1657,868,0.9241,player
113,1496,586,1554,700,0.9204,player
113,1094,631,1142,744,0.9186,player
113,1685,539,1733,648,0.9019,player
113,1684,637,1754,741,0.8977,player
113,1776,549,1805,656,0.8778,player
113,1884,546,1920,656,0.8704,player
113,1738,598,1766,695,0.7989,player
114,1584,740,1657,869,0.9334,player
114,1547,535,1617,617,0.9166,player
114,1501,591,1558,702,0.9126,player
114,1098,632,1147,747,0.9113,player
114,1684,636,1755,746,0.8964,player
114,1693,540,1737,646,0.891,player
114,1780,550,1809,657,0.8861,player
114,1884,548,1920,657,0.8577,player
114,1739,595,1773,711,0.768,player
114,1745,597,1774,695,0.5281,player
115,1589,740,1654,869,0.9323,player
115,1689,638,1752,748,0.9093,player
115,1102,635,1150,748,0.9048,player
115,1504,591,1559,703,0.9039,player
115,1700,540,1742,648,0.8998,player
115,1547,535,1612,618,0.8764,player
115,1782,548,1814,660,0.8761,player
115,1885,555,1920,658,0.8512,player
115,1750,602,1781,712,0.8005,player
116,1593,741,1649,871,0.9349,player
116,1505,592,1559,704,0.8993,player
116,1694,643,1746,750,0.8978,player
116,1104,636,1153,750,0.8961,player
116,1706,541,1745,650,0.8855,player
116,1787,551,1820,661,0.8774,player
116,1555,538,1595,617,0.8763,player
116,1885,558,1919,658,0.8491,player
116,1756,595,1793,714,0.8293,player
116,864,693,901,746,0.2706,player
117,1594,741,1647,873,0.916,player
117,1700,646,1739,750,0.8949,player
117,1507,592,1557,704,0.894,player
117,1104,637,1157,750,0.8895,player
117,1711,541,1746,651,0.8858,player
117,1548,537,1581,620,0.8856,player
117,1881,554,1920,658,0.8659,player
117,1787,554,1827,662,0.8625,player
117,1760,599,1795,716,0.8148,player
118,1537,535,1571,621,0.9179,player
118,1592,742,1646,874,0.9167,player
118,1103,638,1157,750,0.8962,player
118,1517,592,1554,704,0.8938,player
118,1713,541,1745,645,0.8712,player
118,1881,561,1920,661,0.8632,player
118,1704,638,1737,753,0.843,player
118,1769,599,1803,718,0.8014,player
118,1791,566,1831,664,0.7636,player
118,869,694,899,748,0.511,player
118,892,706,947,751,0.4473,player
118,1790,556,1829,642,0.2895,player
119,1590,741,1649,875,0.9157,player
119,1529,534,1567,620,0.9074,player
119,1103,638,1154,752,0.8977,player
119,1516,592,1553,705,0.8875,player
119,1796,554,1835,660,0.8872,player
119,1718,542,1746,641,0.8756,player
119,1774,602,1807,719,0.8662,player
119,1884,566,1920,662,0.8614,player
119,1704,644,1739,753,0.8247,player
119,871,691,899,750,0.7005,player
119,893,700,955,753,0.651,player
120,1588,743,1649,879,0.9185,player
120,1518,533,1566,621,0.8984,player
120,1102,639,1153,754,0.8982,player
120,1718,543,1747,644,0.887,player
120,1514,590,1553,708,0.8793,player
120,1776,603,1810,720,0.8621,player
120,1800,558,1838,661,0.854,player
120,1887,569,1920,665,0.8438,player
120,1701,645,1736,754,0.8437,player
121,1579,745,1648,882,0.9216,player
121,1498,538,1560,618,0.9056,player
121,1104,639,1153,754,0.897,player
121,1514,591,1553,710,0.8924,player
121,1780,602,1815,721,0.8817,player
121,1714,543,1749,643,0.8775,player
121,1694,642,1735,756,0.8716,player
121,1890,569,1920,666,0.8454,player
121,1797,557,1828,631,0.8423,player
121,1800,595,1839,666,0.7768,player
121,1798,577,1837,662,0.3792,player
122,1569,746,1645,882,0.9318,player
122,1509,591,1552,711,0.9047,player
122,1103,638,1151,754,0.8979,player
122,1492,537,1540,618,0.8937,player
122,1689,633,1739,756,0.8921,player
122,1781,604,1827,721,0.8778,player
122,1710,543,1749,645,0.8759,player
122,1796,559,1828,627,0.8434,player
122,1895,568,1920,667,0.843,player
122,1788,601,1839,666,0.3943,player
123,1566,749,1644,883,0.9387,player
123,1682,634,1737,758,0.9101,player
123,1508,593,1552,712,0.9063,player
123,1103,639,1153,757,0.9053,player
123,1782,606,1835,724,0.8792,player
123,1715,544,1751,653,0.8756,player
123,1493,537,1534,618,0.8753,player
123,1898,566,1920,667,0.848,player
123,1797,558,1833,654,0.7915,player
123,1796,572,1838,664,0.5786,player
124,1564,752,1640,886,0.9389,player
124,1507,594,1553,713,0.9118,player
124,1677,637,1735,760,0.9083,player
124,1102,640,1146,758,0.9054,player
124,1710,545,1752,657,0.8782,player
124,1780,602,1834,724,0.8762,player
124,1900,565,1920,668,0.8578,player
124,1491,535,1528,621,0.8443,player
124,1795,560,1829,631,0.7867,player
125,1562,752,1637,888,0.9261,player
125,1672,641,1735,763,0.9151,player
125,1507,597,1555,715,0.9113,player
125,1103,640,1153,760,0.9042,player
125,1482,535,1521,620,0.8875,player
125,1712,545,1753,658,0.8861,player
125,1783,607,1832,725,0.8647,player
125,1904,566,1920,668,0.8406,player
125,1796,560,1835,622,0.8158,player
125,873,698,904,751,0.6788,player
127,833,573,872,656,0.3433,player
127,572,406,603,472,0.3266,player
